Slot,NSR
1,2046.0525465
2,2046.0525465
3,2046.0525465
4,3291.66521805
5,3291.66521805
6,3291.66521805
7,3291.66521805
8,2592.7535642
9,2592.7535642
10,2592.7535642
11,2592.7535642
12,1983.7469916
13,1983.7469916
14,1983.7469916
15,1983.7469916
16,1854.42696285
17,1854.42696285
18,1854.42696285
19,1854.42696285
20,1569.31429295
21,1569.31429295
22,1569.31429295
23,1569.31429295
24,2046.0525465
