Slot,NSR
1,1354.3
2,1354.3
3,1354.3
4,1354.3
5,1642.19786096043
6,2012.42652072954
7,2708.13766736334
8,2012.18356763844
9,1354.3
10,1354.3
11,1354.3
12,1608.03073305624
13,1859.20057119918
14,1985.38237064128
15,2059.41207892455
16,2024.48269602955
17,1681.83985166413
18,1539.84980475606
19,1891.74189713813
20,1479.99581371161
21,1730.4808565114
22,1699.54359979346
23,2147.57322404652
24,2321.35045272942
